Bus, BasekV, Node1, Magnitude1, Angle1, pu1, Node2, Magnitude2, Angle2, pu2, Node3, Magnitude3, Angle3, pu3
SOURCEBUS,12.47,1,7199.32,0,0.99997,2,7199.33,-120,0.99997,3,7199.32,120,0.99997
N2,12.47,1,7096.53,-0.3,0.98569,2,7123.42,-120.4,0.98942,3,7108.38,119.5,0.98734
N3,4.16,1,2220.08,-34.3,0.92435,2,2241.12,-153.8,0.93311,3,2234.39,85.9,0.93031
N4,4.16,1,1832.92,-40.7,0.76315,2,2011.23,-159.5,0.83739,3,1917.89,79.5,0.79853
N5,4.16,1,1817.68,-41.1,0.75681,2,2002.43,-159.7,0.83373,3,1905.53,79.2,0.79338
N6,4.16,1,1802.49,-41.4,0.75048,2,1993.67,-160,0.83008,3,1893.23,78.9,0.78826
